"dataId","dataName","appKey","osType","version","fileSize","md5","downloadUrl","dr","ts"
"1","测试-张大康-Android","bvdkiumgmzplrp3sslhv5pp2gqqhttmzg5gh2bq5","Android","10","34","7722b479f69186ddfae416962b78167a","http://otav2-download.hivoice.cn/2017/08/23/a4cncoyA4xma8tKLwEDxMk.json","0","2019-06-20 11:13:07"
"4","上海联调OTA","fq55vqwmofakxad4vn4mx5eyfxfkvcadqduyywad","Android","5","41659062","2ae00ac9431d6d9b0ba60a33320dff79","http://biz-support-ota-oss.hivoice.cn/2017/07/05/5qwf8Gqtkt3bwZrdRSuFmK.apk","0","2020-01-03 16:19:42"
"13","医导项目","26k26jsnm7vxdom4dj66ovw2ktk2jjfd42rhf4id","Android","100","1671898","92f18953f93bce263abcc783ec4d01d0","http://biz-support-ota-oss.hivoice.cn/2017/07/05/1ujswqMrk5Y8d5NsSdsvUU.apk","0","2020-01-03 16:19:42"
"18","KAR_Copycat","upwwyagu2fz7bgvyl37zsjdzcuadjue6p74j5fio","Chip","46","204532","7a555dda06d9cee71039b14b0bcbb0f5","http://biz-support-ota-oss.hivoice.cn/2017/03/31/2fXiGsnz4F8b5YFBWM8hp0.gz","0","2020-01-03 16:19:42"
"19","kar_miniu05","hkh2grwyxg3dvznjrwkbxw3v7pie2qyong2c4rim","Chip","46","204532","7a555dda06d9cee71039b14b0bcbb0f5","http://biz-support-ota-oss.hivoice.cn/2017/03/31/2fXiGsnz4F8b5YFBWM8hp0.gz","0","2020-01-03 16:19:42"
"21","医疗输入法公有云版本","45gn7md5n44aak7a57rdjud3b5l4xdgv75saomys","Windows","3000452","3661344","db51b65d1b48ab2ca4a4c72880f265c2","http://biz-support-ota-oss.hivoice.cn/2017/03/23/23rr4vBhQMDaZo3zCkw_l4.exe","0","2020-01-03 16:19:42"
"22","KAR200_android_v24","3iapuysav4antx365ubdc4vfgwb5utsdslosikyb","Android","24","12503407","a69b1c780ce4917a66fd15d4a1ce2409","http://biz-support-ota-oss.hivoice.cn/2017/04/13/eSrV83wW4GO8ra3jB4EV6g.apk","0","2020-01-03 16:19:42"
"23","KAR_lele","jbgz2us3cbn622ext7pdf3sezr5pbng6lznx57q3","Chip","49","156505","350dbaeeb5dbc00d1f00ce94bb6ff002","http://biz-support-ota-oss.hivoice.cn/2017/04/21/2Biz0SwXk9i94j68LM6rIj.gz","0","2020-01-03 16:19:42"
"24","KAR_lele_v58","jbgz2us3cbn622ext7pdf3sezr5pbng6lznx57q3","Chip","58","157022","2c3e2445c734289120f3953d60727cf4","http://biz-support-ota-oss.hivoice.cn/2017/05/12/4uOzJ2U_k28aPW-DxFi-g0.gz","0","2020-01-03 16:19:42"
"25","KAR_lele_v60","jbgz2us3cbn622ext7pdf3sezr5pbng6lznx57q3","Chip","60","157775","995265e512c2edbdbd889388099f0bbb","http://biz-support-ota-oss.hivoice.cn/2017/05/27/5XLJWK56AdO947jOh2gukY.gz","0","2020-01-03 16:19:42"
"26","KAR200_android_V26","3iapuysav4antx365ubdc4vfgwb5utsdslosikyb","Android","26","12248684","fe9dcb1e50727479a5824da6374e175e","http://biz-support-ota-oss.hivoice.cn/2017/06/01/9hK811KiAfiac8i2IyldIN.apk","0","2020-01-03 16:19:42"
"27","KAR200_android_V31","3iapuysav4antx365ubdc4vfgwb5utsdslosikyb","Android","31","14630946","8f886622805357cec436f9f9265cff31","http://biz-support-ota-oss.hivoice.cn/2017/06/21/eNS6GS2X4a3bBCcVInX7t1.apk","0","2020-01-03 16:19:42"
"28","测试-大康-iOS","bvdkiumgmzplrp3sslhv5pp2gqqhttmzg5gh2bq5","iOS","10","16","1636491a249f3c5edb540c26233802c4","http://biz-support-ota-oss.hivoice.cn/2017/07/05/3MMeWShJ4VvaN0Tr_rYciS.json","0","2020-01-03 16:19:42"
"29","KAR200_android_V33","3iapuysav4antx365ubdc4vfgwb5utsdslosikyb","Android","33","17995955","eae4ec3b64336c7b28cdf2c7574c29a7","http://biz-support-ota-oss.hivoice.cn/2017/07/10/92hiqnkN47_8zAjdUBG3-6.apk","0","2020-01-03 16:19:42"
"30","KAR200_android_V35","3iapuysav4antx365ubdc4vfgwb5utsdslosikyb","Android","35","18023178","39c91a07b67fb1d181b462a44541fa97","http://biz-support-ota-oss.hivoice.cn/2017/07/17/3FT-BtPjQzlbpJFgyCgENv.apk","0","2020-01-03 16:19:42"
"31","KAR200_android_V36","3iapuysav4antx365ubdc4vfgwb5utsdslosikyb","Android","36","18473986","8ebe82cf4d8f29f27d8812747f494f23","http://biz-support-ota-oss.hivoice.cn/2017/08/02/9fw4ny9fAJga5OTNJqS-k8.apk","0","2020-01-03 16:19:42"
"32","KAR200_android_V37","3iapuysav4antx365ubdc4vfgwb5utsdslosikyb","Android","37","18096496","9567bfd59ad6234aef484b344168a8a1","http://biz-support-ota-oss.hivoice.cn/2017/08/11/3_wIsTn4QJP9Olt2sdOj12.apk","0","2020-01-03 16:19:42"
"33","kar_miniu05","hkh2grwyxg3dvznjrwkbxw3v7pie2qyong2c4rim","Chip","59","249466","c3da654b9781c500a49d9f01422d160e","http://biz-support-ota-oss.hivoice.cn/2017/08/14/591GcSOlkYj93NwP0yzkIz.gz","0","2020-01-03 16:19:42"
"34","KAR200_android_V38","3iapuysav4antx365ubdc4vfgwb5utsdslosikyb","Android","38","18813971","bd8b72ece696ba6814e7fc0fa7ea8193","http://biz-support-ota-oss.hivoice.cn/2017/08/22/fyBaBSi6QR08ZlP_hu6R7i.apk","0","2020-01-03 16:19:42"
"35","KAR_General_chip_v54","bmgfkakicb2et243usfbizdt45mp6utbtb3433il","Chip","54","266038","dee75cbebd31a0d7674f4a10ad5f27e7","http://biz-support-ota-oss.hivoice.cn/2017/08/28/2D5ZrVkKQS38E70khrpQVv.gz","0","2020-01-03 16:19:42"
"36","KAR_GXB_v41","zcsfz4v4ptvb2swrq5r4cn632khagowjpsnojtiu","Chip","41","268951","3e3a58a9d52d85771f6134c7c50acd2c","http://biz-support-ota-oss.hivoice.cn/2017/08/31/0NudjiDlkm9bkC5iHs1Y6z.gz","0","2020-01-03 16:19:42"
"37","KAR_GXB_v53","yeugeppy3bcmoszxjt6t4fsmxfmzwggin42lfniy","Chip","53","268901","b15e10271dc58ebbedee6a23f60ffcef","http://biz-support-ota-oss.hivoice.cn/2017/08/31/2Q2SPmekArW8DuHzmQlJSe.gz","0","2020-01-03 16:19:42"
"38","KAR_matebot_v43","7ujf4ue32gffuatju4uicg7tdezadzzuxubblvym","Chip","43","262935","802aff8d53d2ed6c5ab8affc51b65503","http://biz-support-ota-oss.hivoice.cn/2017/09/01/d8XBKEqoQ4C9FUC_Itg-ww.gz","0","2020-01-03 16:19:42"
"39","KAR_matebot_v45","7ujf4ue32gffuatju4uicg7tdezadzzuxubblvym","Chip","45","262981","6a38b0ae814179d071647069d5e1576c","http://biz-support-ota-oss.hivoice.cn/2017/09/01/0bB9uQLHAQx8l2KfgOBGkR.gz","0","2020-01-03 16:19:42"
"41","KAR_GXB_v55","yeugeppy3bcmoszxjt6t4fsmxfmzwggin42lfniy","Chip","55","269570","dcb28e3a77167e0c7add4a6181828aa8","http://biz-support-ota-oss.hivoice.cn/2017/09/04/80GS82HiQTA8y18o1f5jY-.gz","0","2020-01-03 16:19:42"
"42","KAR_XJD_v54","xzdbc72h2xzpgtveg5p2qbf6oq7gqiljzlrij5yj","Chip","54","272193","ca7b0445701121e628861f11c2f66b22","http://biz-support-ota-oss.hivoice.cn/2017/09/07/9nh6ofI74qe9_2L5a3BGMH.gz","0","2020-01-03 16:19:42"
"43","KAR200_android_V39","3iapuysav4antx365ubdc4vfgwb5utsdslosikyb","Android","39","19261775","14d2936687043d6bbd32938a25d1270c","http://biz-support-ota-oss.hivoice.cn/2017/09/11/7FqFeTSjkjX8gg7S50HZ81.apk","0","2020-01-03 16:19:42"
"44","KAR_XJD_v55","xzdbc72h2xzpgtveg5p2qbf6oq7gqiljzlrij5yj","Chip","55","273790","ea7c257562bf6dbc7e5890e5d568f64c","http://biz-support-ota-oss.hivoice.cn/2017/09/15/4Erh2rVhA7f9Dr3Sp3zDo-.gz","0","2020-01-03 16:19:42"
"45","kar_C600_xyj_guoxuebao_v56","yeugeppy3bcmoszxjt6t4fsmxfmzwggin42lfniy","Chip","56","271782","27afe8b810722f40929e3a8d482af497","http://biz-support-ota-oss.hivoice.cn/2017/09/15/6mbKOirUkbraIzmY-zEesd.gz","0","2020-01-03 16:19:42"
"46","kar_C600_xyj_guoxuebao_v57","yeugeppy3bcmoszxjt6t4fsmxfmzwggin42lfniy","Chip","57","271780","5af6be0b77f06dcf92aefdeb96854638","http://biz-support-ota-oss.hivoice.cn/2017/09/15/9x3o38kG43Y9mwtLEZtkdv.gz","0","2020-01-03 16:19:42"
"52","KAR_matebot_V46","7ujf4ue32gffuatju4uicg7tdezadzzuxubblvym","Chip","46","265770","44cb0922f144da52e71dcb45245af3a3","http://biz-support-ota-oss.hivoice.cn/2017/09/20/aY2IyrWnALabdRwGnFEF9m.gz","0","2020-01-03 16:19:42"
"53","KAR_XJD_V56","xzdbc72h2xzpgtveg5p2qbf6oq7gqiljzlrij5yj","Chip","56","274379","6850e2041fde65aa44fb46374293c192","http://biz-support-ota-oss.hivoice.cn/2017/09/21/9-GkjEZFAzs9t3vGN9-fB5.gz","0","2020-01-03 16:19:42"
"55","KAR200_android_v40","3iapuysav4antx365ubdc4vfgwb5utsdslosikyb","Android","40","19267412","8d6fea1d4602dd03ed38a6e9dbbeae0a","http://biz-support-ota-oss.hivoice.cn/2017/09/26/5PH8RGIv4F8aMSLLAunwy5.apk","0","2020-01-03 16:19:42"
"56","kar_C600_xyj_hhx_58","ro43xc66ttghgmdyocufmhdsguo7w65scv2hgti2","Chip","58","273762","33f2ca771d25952786dfa3ec0e16e11c","http://biz-support-ota-oss.hivoice.cn/2017/09/26/aW5rbc7H4Bf9lBxRpavmDv.gz","0","2020-01-03 16:19:42"
"58","KAR_miniu05","hkh2grwyxg3dvznjrwkbxw3v7pie2qyong2c4rim","Chip","60","249493","45a67ce5e10dd625d6163395a886afac","http://biz-support-ota-oss.hivoice.cn/2017/10/23/0BAw2mdcAyFaUAagYukxf5.gz","0","2020-01-03 16:19:42"
"62","KAR_XJD_v58","xzdbc72h2xzpgtveg5p2qbf6oq7gqiljzlrij5yj","Chip","58","310384","f7bc6c2995fffcef50ad97e1d9beb754","http://biz-support-ota-oss.hivoice.cn/2017/12/11/fQQxVFn64WB9O65mp1vwMf.gz","0","2020-01-03 16:19:42"
"63","kar_C600_xyj_xt_v59","dtosuaqwx3npb7yv32t33qpd2h7snsecawhyqqap","Chip","59","509255","005b226b2f5fe766ca502e139b33133d","http://biz-support-ota-oss.hivoice.cn/2017/11/07/0_LBIksCAmg805p87j-Cbr.gz","0","2020-01-03 16:19:42"
"64","kar_C600_xyj_xt_v58","dtosuaqwx3npb7yv32t33qpd2h7snsecawhyqqap","Chip","58","559645","e46760213b289fbd9159e97004ac12a9","http://biz-support-ota-oss.hivoice.cn/2017/11/08/bvsG6V9WQ1iaQ8gCYd4CWp.gz","0","2020-01-03 16:19:42"
"65","kar_C600_xyj_xt_v61","dtosuaqwx3npb7yv32t33qpd2h7snsecawhyqqap","Chip","61","269087","9ebd9b4607d4491a037216f9a7d02ab4","http://biz-support-ota-oss.hivoice.cn/2017/11/08/4mand4oVAIZ9mCX4TUQ1xm.gz","0","2020-01-03 16:19:42"
"66","kar_C600_xyj_xt_v82","dtosuaqwx3npb7yv32t33qpd2h7snsecawhyqqap","Chip","82","275259","4c8f591d974e6a4a608d538d531d6d45","http://biz-support-ota-oss.hivoice.cn/2017/11/14/fx1gbW_4kAC8gan18qjvhG.gz","0","2020-01-03 16:19:42"
"67","kar_C600_xyj_hhxiong_v82","ro43xc66ttghgmdyocufmhdsguo7w65scv2hgti2","Chip","82","271448","8af527448355e0f948526b9c015fffef","http://biz-support-ota-oss.hivoice.cn/2017/11/16/9YOWpuAJ4kB9exxNjkQBjX.gz","0","2020-01-03 16:19:42"
"69","KAR_ZIB_v58","f2i3jmc2xru3c5pwr2hjsovj7o6tyw5xj4j42fiy","Chip","58","329071","e91b64080f6ea3229ea044e1ab544c30","http://biz-support-ota-oss.hivoice.cn/2017/11/17/agEHCs-okNA9wSCQ5Gl1wo.gz","0","2020-01-03 16:19:42"
"70","KAR200_android_v43","3iapuysav4antx365ubdc4vfgwb5utsdslosikyb","Android","43","19357274","9ddfb9b45019b1c0b3254a05cbf13287","http://biz-support-ota-oss.hivoice.cn/2017/11/23/5PQv_4DM4qHax0qubThim4.apk","0","2020-01-03 16:19:42"
"71","kar_C600_xyj_xt_v60","dtosuaqwx3npb7yv32t33qpd2h7snsecawhyqqap","Chip","60","303005","6f3ca95e4efcbe37f8381fc42d743ec9","http://biz-support-ota-oss.hivoice.cn/2017/11/27/5hWYnu6pQyUbRs0BiPqrgD.gz","0","2020-01-03 16:19:42"
"72","KAR_hxl_57","lmugnzf5nquhrgl3sydt5v7xqvlxeouwedizriao","Chip","57","306809","c9d2adf993cf02e71180729674f15b53","http://biz-support-ota-oss.hivoice.cn/2017/11/25/0tHS_3-X4PP8X6axP4qs2c.gz","0","2020-01-03 16:19:42"
"74","kar_C600_xyj_xt_v63","dtosuaqwx3npb7yv32t33qpd2h7snsecawhyqqap","Chip","63","545910","e02fa91398a14ce2ecddcc044f765a2a","http://biz-support-ota-oss.hivoice.cn/2017/11/30/8qZULL_ykb0b3NKoc1qeS1.gz","0","2020-01-03 16:19:42"
"75","KAR200_android_v44","3iapuysav4antx365ubdc4vfgwb5utsdslosikyb","Android","44","19421596","867c933f2fbea9da07de83e9334bc9ef","http://biz-support-ota-oss.hivoice.cn/2017/12/04/6Ci5yMCZQ2o88j8vPYUXlV.apk","0","2020-01-03 16:19:42"
"77","KAR_XJD_v60","xzdbc72h2xzpgtveg5p2qbf6oq7gqiljzlrij5yj","Chip","60","311142","63a251b6d36e4021250946668c638ad7","http://biz-support-ota-oss.hivoice.cn/2017/12/11/2uk_iDq8AF69X06ZFukJoj.gz","0","2020-01-03 16:19:42"
"78","KAR_seven_57","hunopxgxhakzygrvzj3b644fdzwzmv6t32kzvmqy","Chip","57","269390","a7df5eba484a8df157f59f6f470280f5","http://biz-support-ota-oss.hivoice.cn/2017/12/18/8AMvY-NbAab99PVogag4TL.gz","0","2020-01-03 16:19:42"
"79","KAR_XJD_v61","xzdbc72h2xzpgtveg5p2qbf6oq7gqiljzlrij5yj","Chip","61","311629","bc743e40e159d1cee960ea9fe06a2f0e","http://biz-support-ota-oss.hivoice.cn/2017/12/12/0HOHg9iFkWXarOcMMaSPYv.gz","0","2020-01-03 16:19:42"
"80","KAR_XJD_v63","xzdbc72h2xzpgtveg5p2qbf6oq7gqiljzlrij5yj","Chip","63","311697","f07d7ef2623a51321622a00fecd145b3","http://biz-support-ota-oss.hivoice.cn/2017/12/12/7QeDjXwvAwTbqyN8B2i3JS.gz","0","2020-01-03 16:19:42"
"81","KAR_XJD_v62","xzdbc72h2xzpgtveg5p2qbf6oq7gqiljzlrij5yj","Chip","62","311759","9693d52e4e8c1314c5f813e82f2444a1","http://biz-support-ota-oss.hivoice.cn/2017/12/12/4gKRq-zdAlT8oAwvGGc8ob.gz","0","2020-01-03 16:19:42"
"82","KAR_XJD_v64","xzdbc72h2xzpgtveg5p2qbf6oq7gqiljzlrij5yj","Chip","64","311782","d0e17c860a570db24858e002544b5ce8","http://biz-support-ota-oss.hivoice.cn/2017/12/13/dxdvkmGrQ7L9oqfm7D_ieL.gz","0","2020-01-03 16:19:42"
"83","KAR_XJD_v65","xzdbc72h2xzpgtveg5p2qbf6oq7gqiljzlrij5yj","Chip","65","311785","5537cd32fcc39fd4771109ad0ba4db92","http://biz-support-ota-oss.hivoice.cn/2017/12/13/7KCXo1IKAQD9-mMxfWALTT.gz","0","2020-01-03 16:19:42"
"84","kar_C600_xyj_lemei","rwpuihdqhdcmld47bfps3lggzomns33hswprsvid","Chip","21","265373","bf2bb7cca8fe97a16713ba232e1f0491","http://biz-support-ota-oss.hivoice.cn/2017/12/26/9tKhFWQskMq9qpKz_JN4aY.gz","0","2020-01-03 16:19:42"
"85","kar_zib_v60","f2i3jmc2xru3c5pwr2hjsovj7o6tyw5xj4j42fiy","Chip","60","349335","0aeec16fd42b343c1ac82c31edb8e334","http://biz-support-ota-oss.hivoice.cn/2017/12/19/fiGI9sPqkFr9Glvly8_9yJ.gz","0","2020-01-03 16:19:42"
"86","KAR_seven_58","hunopxgxhakzygrvzj3b644fdzwzmv6t32kzvmqy","Chip","58","271362","d6d1a3ea25e8bc9da69d0b53e86714aa","http://biz-support-ota-oss.hivoice.cn/2017/12/21/eiLdzTj643C83PsEwE7M6R.gz","0","2020-01-03 16:19:42"
"87","KAR_hxl_60","lmugnzf5nquhrgl3sydt5v7xqvlxeouwedizriao","Chip","60","306735","096596f56a3997d557d43b78f3c0d3d8","http://biz-support-ota-oss.hivoice.cn/2018/01/23/fR4OFTizk1g9IutYXwmA3O.gz","0","2020-01-03 16:19:42"
"88","kar_C600_xyj_hhxiong_v84","ro43xc66ttghgmdyocufmhdsguo7w65scv2hgti2","Chip","84","265439","ae6c6e5fab87a968f3cf8578a2096016","http://biz-support-ota-oss.hivoice.cn/2017/12/22/055waIs5Q4G9nzCA26uzHQ.gz","0","2020-01-03 16:19:42"
"89","KAR_seven_59","hunopxgxhakzygrvzj3b644fdzwzmv6t32kzvmqy","Chip","59","271356","0d7ddd89f6678af8ec2a8f830c315ea1","http://biz-support-ota-oss.hivoice.cn/2017/12/29/893oGdC_4nKbHwBrxq9jk-.gz","0","2020-01-03 16:19:42"
"90","kar_C600_xyj_hhxiong_v85","ro43xc66ttghgmdyocufmhdsguo7w65scv2hgti2","Chip","85","265393","efc7fed79beb34407d84501f1bd788ab","http://biz-support-ota-oss.hivoice.cn/2017/12/27/fRzt_Di2kVC9ILNXqGUbdn.gz","0","2020-01-03 16:19:42"
"91","KAR_miniu05_xl_61","jzrjqbi63aylyhtdjojbhh6ms5ipqu5o2i2bzhyz","Chip","61","257120","b2ca09d8e7fefadb74aae4c98693312f","http://biz-support-ota-oss.hivoice.cn/2017/12/28/dKGso6hYkIRb9Dy7jGQK07.gz","0","2020-01-03 16:19:42"
"92","KAR_seven_60","hunopxgxhakzygrvzj3b644fdzwzmv6t32kzvmqy","Chip","60","273554","3f693edbbafdb5595ea8c19ae622d9a4","http://biz-support-ota-oss.hivoice.cn/2017/12/29/fMEyabDikPh8MY5HtmlNuq.gz","0","2020-01-03 16:19:42"
"93","KAR_seven_62","hunopxgxhakzygrvzj3b644fdzwzmv6t32kzvmqy","Chip","62","273530","757342b58d0a9e5ed2e3d778905bc9e5","http://biz-support-ota-oss.hivoice.cn/2017/12/29/e5I2X3cq4Nda241oXZ9cbq.gz","0","2020-01-03 16:19:42"
"94","未来小七APP_45","ekxkcxtai3c4erjaz2jumjpokj36gixktgoz57yw","Android","45","18392967","357b37aad9848acb6593689481f13835","http://biz-support-ota-oss.hivoice.cn/2017/12/29/e77hdw7nQVe82GYw8xPpq4.apk","0","2020-01-03 16:19:42"
"95","KAR_seven_63","hunopxgxhakzygrvzj3b644fdzwzmv6t32kzvmqy","Chip","63","273787","78ec73922e0a85480aae1b479940705f","http://biz-support-ota-oss.hivoice.cn/2018/01/05/cG5vvMalQAO8SV5_XWX0MQ.gz","0","2020-01-03 16:19:42"
"96","KAR200_android_v45","3iapuysav4antx365ubdc4vfgwb5utsdslosikyb","Android","45","19843574","90b44043f3a03c82df251fd5a6cec858","http://biz-support-ota-oss.hivoice.cn/2018/01/09/fTy-BKHrAYRb3lM1_224xG.apk","0","2020-01-03 16:19:42"
"97","k_wlzn_v56","drcpu2ifhgs4uvdjmfo35noprjuaz2dmzvxlkqiw","Chip","56","310456","f7445b9c02414d4ce55ed3207ff485ca","http://biz-support-ota-oss.hivoice.cn/2018/01/12/7ydGi2ub4mA9w046ViUmLi.gz","0","2020-01-03 16:19:42"
"98","k_wlzn_v57","drcpu2ifhgs4uvdjmfo35noprjuaz2dmzvxlkqiw","Chip","57","353676","98a49b622e5a53bdb5502d1659f4c0d9","http://biz-support-ota-oss.hivoice.cn/2018/01/16/3yFYOKweQdXbbqpGn7mOKD.gz","0","2020-01-03 16:19:42"
"99","k_wlzn_v58","drcpu2ifhgs4uvdjmfo35noprjuaz2dmzvxlkqiw","Chip","58","353415","b91e76a4578f093c42fbb78269d0c96f","http://biz-support-ota-oss.hivoice.cn/2018/01/16/0uHYdnCgkCM9yNYBNOEr_1.gz","0","2020-01-03 16:19:42"
"100","kar_C600_xyj_hhxiong_v88","ro43xc66ttghgmdyocufmhdsguo7w65scv2hgti2","Chip","88","314128","61e71fa466aa58bd85d635bf189583e4","http://biz-support-ota-oss.hivoice.cn/2018/01/17/2WSdi2ol4cqaGV_glhZAZF.gz","0","2020-01-03 16:19:42"
"101","kar_C600_xyj_hhxiong_v89","ro43xc66ttghgmdyocufmhdsguo7w65scv2hgti2","Chip","89","271402","f06178e36ee698374e5e3cc44fcccb99","http://biz-support-ota-oss.hivoice.cn/2018/01/19/7daIoC0KAsh9_vKz7fn04k.gz","0","2020-01-03 16:19:42"
"102","kar_C600_xyj_hhxiong_v87","ro43xc66ttghgmdyocufmhdsguo7w65scv2hgti2","Chip","87","265590","68eff13ce55b62d7fe9106dbd19c83db","http://biz-support-ota-oss.hivoice.cn/2018/01/18/flowtdcbQOBaEoTugRkFbA.gz","0","2020-01-03 16:19:42"
"103","KAR_XJD_v66","xzdbc72h2xzpgtveg5p2qbf6oq7gqiljzlrij5yj","Chip","66","314244","845b3f4c8fc757b9cd7bf7515689010c","http://biz-support-ota-oss.hivoice.cn/2018/01/24/cTghF8bE44Y9BnRYidPnl7.gz","0","2020-01-03 16:19:42"
"104","kar_C600_xyj_hhxiong_v90","ro43xc66ttghgmdyocufmhdsguo7w65scv2hgti2","Chip","90","314168","a86ae54bee16a0ed9e4bab0789fcc4b3","http://biz-support-ota-oss.hivoice.cn/2018/01/18/cABexNiMQN-8zY6AKXslZG.gz","0","2020-01-03 16:19:42"
"105","kar_C600_xyj_hhxiong_v91","ro43xc66ttghgmdyocufmhdsguo7w65scv2hgti2","Chip","91","271436","f86b7caa4230c6a052753b6678c8b879","http://biz-support-ota-oss.hivoice.cn/2018/01/18/1VaoeObWA2aaJn7l-A7QJm.gz","0","2020-01-03 16:19:42"
"106","kar_C600_xyj_hhxiong_v92","ro43xc66ttghgmdyocufmhdsguo7w65scv2hgti2","Chip","92","265586","0dd9351961748c00e1035ef9e4034e53","http://biz-support-ota-oss.hivoice.cn/2018/01/18/bFERxU7JksDa5w5camCOZc.gz","0","2020-01-03 16:19:42"
"107","kar_C600_xyj_hhxiong_v93","ro43xc66ttghgmdyocufmhdsguo7w65scv2hgti2","Chip","93","314335","07b4f65c3cc26d2e9c22929c07e22dda","http://biz-support-ota-oss.hivoice.cn/2018/01/19/btHpjP6r4hQaEMIcaBKn4Y.gz","0","2020-01-03 16:19:42"
"108"," kar_C600_xyj_v1.2.0.2323(OTA94)","ro43xc66ttghgmdyocufmhdsguo7w65scv2hgti2","Chip","94","314329","eb315175d1d9747148e43b8868424edb","http://biz-support-ota-oss.hivoice.cn/2018/01/18/3FczzWah4duadmRRk0rUez.gz","0","2020-01-03 16:19:42"
"109","k_matebot_v47","7ujf4ue32gffuatju4uicg7tdezadzzuxubblvym","Chip","47","373715","1216f9f1fea1c7181698322076954384","http://biz-support-ota-oss.hivoice.cn/2018/01/19/1C_Ebu27kawbu0sZQ8A_fm.gz","0","2020-01-03 16:19:42"
"117","kar_C600_xyj_hhxiong_v97","ro43xc66ttghgmdyocufmhdsguo7w65scv2hgti2","Chip","97","266164","b7a08990fc5467d799e103cfd847181f","http://biz-support-ota-oss.hivoice.cn/2018/01/19/aNQjUeGZ4r883aB8vbr0Xp.gz","0","2020-01-03 16:19:42"
"118","kar_C600_xyj_xt_v98","dtosuaqwx3npb7yv32t33qpd2h7snsecawhyqqap","Chip","98","266148","727913ce274976d28eb773d4c86104fc","http://biz-support-ota-oss.hivoice.cn/2018/01/19/54fw1M43ATRbkPZbIItUJh.gz","0","2020-01-03 16:19:42"
"119","KAR200_android_v46","3iapuysav4antx365ubdc4vfgwb5utsdslosikyb","Android","46","19671880","7eed3e1f1ddf830e4fa4c67829ba8f83","http://biz-support-ota-oss.hivoice.cn/2018/01/22/7J5paln8AoEaKLH-QMVp2Z.apk","0","2020-01-03 16:19:42"
"121","KAR_HLX_59","lmugnzf5nquhrgl3sydt5v7xqvlxeouwedizriao","Chip","59","306733","03956ae08c65613c3638a5180c70e20a","http://biz-support-ota-oss.hivoice.cn/2018/01/24/4ploWG4t4c58J9eBujdmiC.gz","0","2020-01-03 16:19:42"
"123","Android_v50","ekxkcxtai3c4erjaz2jumjpokj36gixktgoz57yw","Android","50","18985036","0ef961647a14f44da69e4314233dad21","http://biz-support-ota-oss.hivoice.cn/2018/01/25/3iqpzB2HAjAbyrqHjKl1dJ.apk","0","2020-01-03 16:19:42"
"124","k_seven_v64","hunopxgxhakzygrvzj3b644fdzwzmv6t32kzvmqy","Chip","64","277955","1965ab27b68349c7d61cfd7f44a496fd","http://biz-support-ota-oss.hivoice.cn/2018/03/29/9tr7CKBc4s1akFhdo5Mnpj.gz","0","2020-01-03 16:19:42"
"125","KAR200_android_v47","3iapuysav4antx365ubdc4vfgwb5utsdslosikyb","Android","47","19796805","5782c9b45ee17249760389a416baefec","http://biz-support-ota-oss.hivoice.cn/2018/01/31/0pBiKzXuAck9xTHgkdi_ZT.apk","0","2020-01-03 16:19:42"
"126","kar_C600_xyj_hhxiong_v95","ro43xc66ttghgmdyocufmhdsguo7w65scv2hgti2","Chip","95","266162","0a6f4bd186736a92f0ff041cd591927a","http://biz-support-ota-oss.hivoice.cn/2018/01/31/3t6NUIzhklp80FF0SuQGBK.gz","0","2020-01-03 16:19:42"
"127","kar_C600_xyj_xt_v99","dtosuaqwx3npb7yv32t33qpd2h7snsecawhyqqap","Chip","99","271428","ff06aff88c81221c801669a39aa30759","http://biz-support-ota-oss.hivoice.cn/2018/02/02/0AsQkwot4EfaxWPZwcvlM1.gz","0","2020-01-03 16:19:42"
"128","kar_C600_xyj_xt_v101","dtosuaqwx3npb7yv32t33qpd2h7snsecawhyqqap","Chip","101","271465","36e91061e4b073728f783731813844d4","http://biz-support-ota-oss.hivoice.cn/2018/02/07/5L8wfj5JAZZaE-N9qLRBxU.gz","0","2020-01-03 16:19:42"
"133","kar_C600_xyj_xt_v100","dtosuaqwx3npb7yv32t33qpd2h7snsecawhyqqap","Chip","100","546002","fa971fb1c3f4a79c42ad31063fabdf18","http://biz-support-ota-oss.hivoice.cn/2018/02/09/aOtqDAdQ4TB8WnFYWysA1g.gz","0","2020-01-03 16:19:42"
"135","KAR200_android_v48","3iapuysav4antx365ubdc4vfgwb5utsdslosikyb","Android","48","19812803","f8a431c10c51d3e59dd4b0bb79bcdfbb","http://biz-support-ota-oss.hivoice.cn/2018/02/11/banF5AfX4WZa85Flab_QOC.apk","0","2020-01-03 16:19:42"
"136","kar_C600_xyj_hhxiong_v113","ro43xc66ttghgmdyocufmhdsguo7w65scv2hgti2","Chip","113","545983","41a9a653be2329d4bc60a248cc6f7e3c","http://biz-support-ota-oss.hivoice.cn/2018/02/27/4mO3sn7l4da8C4l9lHHZpF.gz","0","2020-01-03 16:19:42"
"137","kar_C600_xyj_hhxiong_v114","ro43xc66ttghgmdyocufmhdsguo7w65scv2hgti2","Chip","114","545986","cf6f98c60b08a8391aa03a778ee93177","http://biz-support-ota-oss.hivoice.cn/2018/02/28/aRvifKxtABW9Dca3zrTpsg.gz","0","2020-01-03 16:19:42"
"138","kar_C600_xyj_lemei_v23","rwpuihdqhdcmld47bfps3lggzomns33hswprsvid","Chip","23","265597","3c88c3f390594bcd70a6bde6f4b1fd45","http://biz-support-ota-oss.hivoice.cn/2018/03/02/crwCk25K4h69Huh8RQ2A0x.gz","0","2020-01-03 16:19:42"
"139","KAR_ZIB_v67","f2i3jmc2xru3c5pwr2hjsovj7o6tyw5xj4j42fiy","Chip","67","359083","2efbd60e26e518be4d3d92fcf658b340","http://biz-support-ota-oss.hivoice.cn/2018/03/12/fA09FxHbA32aeCG_AwU17G.gz","0","2020-01-03 16:19:42"
"140","未来小七APP_51","ekxkcxtai3c4erjaz2jumjpokj36gixktgoz57yw","Android","51","25228689","bef1d30dde3e33c457138019c5c5a45a","http://biz-support-ota-oss.hivoice.cn/2018/03/16/6TGz0_AlketaaCxCy0hF1O.apk","0","2020-01-03 16:19:42"
"142","KAR_hxl_61","lmugnzf5nquhrgl3sydt5v7xqvlxeouwedizriao","Chip","61","309131","bf00430d79e65015ec3b6aeffaa161ef","http://biz-support-ota-oss.hivoice.cn/2018/03/22/1Jw-_UHeQksb1A8bITtEVC.gz","0","2020-01-03 16:19:42"
"144","KAR_Growth1_v57","rn3bcbiytzq4sghsacznx7kyrg3635q3cc4b2cqf","Chip","57","140310","d42bc8ce70e22e83aa63fd4360f7a73b","http://biz-support-ota-oss.hivoice.cn/2018/05/08/9BJr_MuiQszagUJ4IaYNaX.gz","0","2020-01-03 16:19:42"
"148","kar_C600_xyj_hhxiong_v116","ro43xc66ttghgmdyocufmhdsguo7w65scv2hgti2","Chip","116","580639","70f80411ecbdc33d98107759093e69ef","http://biz-support-ota-oss.hivoice.cn/2018/04/08/1eWdCpWzA8NbSRQT9RLLkp.gz","0","2020-01-03 16:19:42"
"149","kar_C600_xyj_xt_v117","dtosuaqwx3npb7yv32t33qpd2h7snsecawhyqqap","Chip","117","580645","f09cda613380afa75d3a08b52ee104b9","http://biz-support-ota-oss.hivoice.cn/2018/04/09/20m7Gom_4c2aazwvNoa1CE.gz","0","2020-01-03 16:19:42"
"151","kar_9s_gxb","6h52bp7dtp7hpxzw77elcnzov4s4wtitiazqecq3","Chip","58","358571","7087e24e38919b2d5e1a777a99926733","http://biz-support-ota-oss.hivoice.cn/2018/05/08/7cVQKQoFQB2ayAs1axCBgq.gz","0","2020-01-03 16:19:42"
"153","k_skyboy_v58","qn6rfz7plaxuvyb7s6lngzv62v7ppmhaaaz6tnqm","Chip","58","412352","74025be139e0ce750859851a49fb5f44","http://biz-support-ota-oss.hivoice.cn/2018/04/18/esTuJzH-41h808-HyJuk8d.gz","0","2020-01-03 16:19:42"
"154","kar_dodin_v58","vxvggrlkqtj4ndenhdrsggcn3wyfw3ubcexwgoil","Chip","58","414063","8d40112b905e2105d871fe00e98239a1","http://biz-support-ota-oss.hivoice.cn/2018/04/19/58bIqY-oklUahDRWQSnD6N.gz","0","2020-01-03 16:19:42"
"157","KAR_seven_68","hunopxgxhakzygrvzj3b644fdzwzmv6t32kzvmqy","Chip","68","138778","bfe2cec4d233a4a3e481f41967e6c14b","http://biz-support-ota-oss.hivoice.cn/2018/04/24/7y7O9F2Gk4H87wt3GFk6HM.gz","0","2020-01-03 16:19:42"
"158","kar_C600_xyj_hhxiong_v119","ro43xc66ttghgmdyocufmhdsguo7w65scv2hgti2","Chip","119","577020","237f9c4351923a1ca59d72ce2e3ac949","http://biz-support-ota-oss.hivoice.cn/2018/04/23/8t3NZX5YAqtbuazaolH81U.gz","0","2020-01-03 16:19:42"
"159","KAR_seven_69","hunopxgxhakzygrvzj3b644fdzwzmv6t32kzvmqy","Chip","69","583022","7c244c00c744b213f35124559cb8f643","http://biz-support-ota-oss.hivoice.cn/2018/04/24/8TRcjQi9kgibLFE2K2QT3B.gz","0","2020-01-03 16:19:42"
"160","kar_zib_ota_3.0.2.3811_69.tar.gz_1017","f2i3jmc2xru3c5pwr2hjsovj7o6tyw5xj4j42fiy","Chip","69","443190","4a242969c639c90168aba38241e2c3b9","http://biz-support-ota-oss.hivoice.cn/2018/10/17/ax4wtX5oAtn9pgbB7yIH7a.gz","0","2020-01-03 16:19:42"
"164","KAR_XJD_v67","xzdbc72h2xzpgtveg5p2qbf6oq7gqiljzlrij5yj","Chip","67","314287","737eae68eb34c2b23b528e49864990e0","http://biz-support-ota-oss.hivoice.cn/2018/05/04/aRV8s01E4QWbNvxZZHrAEZ.gz","0","2020-01-03 16:19:42"
"166","KAR_XJD_v68","xzdbc72h2xzpgtveg5p2qbf6oq7gqiljzlrij5yj","Chip","68","314413","a3e862711bee1c44f1b9a6f3db0af7f0","http://biz-support-ota-oss.hivoice.cn/2018/05/03/91aT87ee4Q29MTJIqfdBsj.gz","0","2020-01-03 16:19:42"
"169","KAR_XJD_v69","xzdbc72h2xzpgtveg5p2qbf6oq7gqiljzlrij5yj","Chip","69","572567","84444c4d3e3a542658ddd74cfa7b953e","http://biz-support-ota-oss.hivoice.cn/2018/05/04/7lqifGjNQJIa76SG7c8_xN.gz","0","2020-01-03 16:19:42"
"171","KAR_Growth1_v58","rn3bcbiytzq4sghsacznx7kyrg3635q3cc4b2cqf","Chip","58","585033","2e234fe2ebab2797aab1c5e57f8d2f03","http://biz-support-ota-oss.hivoice.cn/2018/05/08/du4JitookwE9xTn-5ZDTHn.gz","0","2020-01-03 16:19:42"
"173","KAR200_android_v50","3iapuysav4antx365ubdc4vfgwb5utsdslosikyb","Android","50","19979633","788d58e105e18bd8784d328818b9270e","http://biz-support-ota-oss.hivoice.cn/2018/05/08/e_ycw_vnkLi84bv8j8_5SX.apk","0","2020-01-03 16:19:42"
"174","kar_dodin_v59","vxvggrlkqtj4ndenhdrsggcn3wyfw3ubcexwgoil","Chip","60","414543","d98a4d010949f0ab9529a3172fa3c507","http://biz-support-ota-oss.hivoice.cn/2018/05/10/apBVVtiFQHzbdU-Nnv4nCn.gz","0","2020-01-03 16:19:42"
"175","KAR_lody_56","coaqh4yeck5mhzetvtbjxgx6ugkuf5ta6aefjdqs","Chip","56","414332","18d54f971f7458bd7a5acfa8431c4106","http://biz-support-ota-oss.hivoice.cn/2018/05/10/9UlclGbmAsc9vVzbCAFsZv.gz","0","2020-01-03 16:19:42"
"176","miniu05_61","hkh2grwyxg3dvznjrwkbxw3v7pie2qyong2c4rim","Chip","61","595232","22bb61036ab3e0fb584e448b2d318b37","http://biz-support-ota-oss.hivoice.cn/2018/05/10/fwZYhNGT4oz8FWhCVkAGtw.gz","0","2020-01-03 16:19:42"
"178","KAR_HZ_57","ftf5ox5drsxdlpbev3l6w4ct7sx5zspgbwz254qg","Chip","57","416904","bef25d447b708a17186da48919d5a1a5","http://biz-support-ota-oss.hivoice.cn/2018/05/24/ez-bZC1WQN3962V8oJqeUi.gz","0","2020-01-03 16:19:42"
"180","KAR_HZ_60","ftf5ox5drsxdlpbev3l6w4ct7sx5zspgbwz254qg","Chip","60","312131","37eb70cf9c9b99be8cce15fd277881e9","http://biz-support-ota-oss.hivoice.cn/2018/06/05/eYLjNVnG4f9bcxxVxc2qVg.gz","0","2020-01-03 16:19:42"
"181","kar_9s_gxb_61","6h52bp7dtp7hpxzw77elcnzov4s4wtitiazqecq3","Chip","61","355367","9371b61ad7d6ae9faa46315b98fe5482","http://biz-support-ota-oss.hivoice.cn/2018/06/07/1bXZsvJoAxp95n3FoXIDfB.gz","0","2020-01-03 16:19:42"
"182","future_seven","ekxkcxtai3c4erjaz2jumjpokj36gixktgoz57yw","Android","52","24647207","964c51f827f2d9225bc23e67eb96eb86","http://biz-support-ota-oss.hivoice.cn/2018/06/08/6je5ztSbkX1bwBY0KtTYzu.apk","0","2020-01-03 16:19:42"
"183","KAR_HY_BB_V57","nm3ak6dcg76rp67g64wkypl3xpcax3zls2kh75af","Chip","57","418146","462fdbdaae8dbfaf0000e5239152e66d","http://biz-support-ota-oss.hivoice.cn/2018/06/11/8Na5-jaIABEasd1gXgH5xp.gz","0","2020-01-03 16:19:42"
"185","KAR_xywx_Bao_58","fmxospbjzwhdmx74one77whwy2syabrj76oxzuam","Chip","58","419448","56268c8cd693c16dac1fe49042970992","http://biz-support-ota-oss.hivoice.cn/2018/06/13/bWlpzRWRkSZbTpM98hcrfN.gz","0","2020-01-03 16:19:42"
"186","KAR_HY_BB_60","nm3ak6dcg76rp67g64wkypl3xpcax3zls2kh75af","Chip","60","418256","180f8dac9a2c19acbaec604b070884cd","http://biz-support-ota-oss.hivoice.cn/2018/06/20/6e1CCC-sQOp9AhFLWWUsqW.gz","0","2020-01-03 16:19:42"
"187","kar_9s_gxb_63","6h52bp7dtp7hpxzw77elcnzov4s4wtitiazqecq3","Chip","63","604988","e97d26ca478c3d570e5f631aff9558f4","http://biz-support-ota-oss.hivoice.cn/2018/06/25/b5MsYjnZ4Cb8frPnUwpEzI.gz","0","2020-01-03 16:19:42"
"188","KAR_Lody_57","coaqh4yeck5mhzetvtbjxgx6ugkuf5ta6aefjdqs","Chip","57","422412","5cbc7083bdbb95efca8db964712c602d","http://biz-support-ota-oss.hivoice.cn/2018/06/29/cE8oQ5fjkXOblkO0-AIZhN.gz","0","2020-01-03 16:19:42"
"189","PandoraA1_xiezhu","n3nuk67byade3c3qgrccjhosvmqfzt7z5wavp3ig","Android","46","54202495","bd6179d40fdba6af7eef33eb69d52933","http://biz-support-ota-oss.hivoice.cn/2018/11/05/2y9wI32iQHMaruhBNCVlP-.apk","0","2020-01-03 16:19:42"
"190","Android_v50","iiapvq7vnfxxzfxdvrjdiy4s35zdrzp72qom7tip","Android","50","28797327","ebd78441d496e077a2f5c9293e42f1b1","http://biz-support-ota-oss.hivoice.cn/2018/07/10/3feSHqap4IY8F10hdOTy7C.apk","0","2020-01-03 16:19:42"
"194","KAR_ST_XAN_61","qsua7prwsbwmidph36t4vpkpqxhqjf2rl4wqneqk","Chip","61","438698","55439d8995e010ae3c93da6b59462deb","http://biz-support-ota-oss.hivoice.cn/2018/07/19/2YzhC0Xo4fi8wVd6xlsIxV.gz","0","2020-01-03 16:19:42"
"195","KAR_SEVEN_MM_50","snw633xg5vgzxjgzwo6lefciunkbcp3xliu2qfyx","Android","50","24430929","86f582b0a5a19591629b7f9e8046b291","http://biz-support-ota-oss.hivoice.cn/2018/07/25/75_LXQJxkrRaRMvyIEAD7F.apk","0","2020-01-03 16:19:42"
"196","KAR020_Seven_F618_50","zfntmgqfapepkiofwaotpmosopzmjijcggcergi3","Android","50","24211019","6d42d545456acbd618ff2cc4c47b347e","http://biz-support-ota-oss.hivoice.cn/2018/07/30/77kvxxv-49S9dXlfsfrsNT.apk","0","2020-01-03 16:19:42"
"197","KAR200_android_v52","3iapuysav4antx365ubdc4vfgwb5utsdslosikyb","Android","52","24380392","db8526b89bc6574aede4e17c07c673e9","http://biz-support-ota-oss.hivoice.cn/2018/08/01/7k-P5OoxQ8R9JlDvhIvU83.apk","0","2020-01-03 16:19:42"
"199","KAR_ADOT","4ndtrh5wjxpbmdccl36vknyux5ctxnls3lbbixia","Chip","59","429353","db2343cf9ad05a19278b1ff59973a58d","http://biz-support-ota-oss.hivoice.cn/2018/08/15/3wEW2NFFAYb82hC71Q_4nu.gz","0","2020-01-03 16:19:42"
"205","KAR_ADOT_non_rtc_10059","4ndtrh5wjxpbmdccl36vknyux5ctxnls3lbbixia","Chip","10059","328985","9f35aceef380107837e994cf592c0178","http://biz-support-ota-oss.hivoice.cn/2018/08/15/aeXbjXyx4dy9Bl0ASMCA8c.gz","0","2020-01-03 16:19:42"
"206","k_aidian_v56","4ndtrh5wjxpbmdccl36vknyux5ctxnls3lbbixia","Chip","56","328183","3fb53d3ded36b18d36efdd7232051087","http://biz-support-ota-oss.hivoice.cn/2018/08/15/4TGJlR3D4kvbapZ6M1buv8.gz","0","2020-01-03 16:19:42"
"207","KAR_Seven_XD","vqyojqmrxiuhqftwktuouvluiohsghw2tbsvdaiw","Android","51","24245548","94fe66af4de9bb1519f1f017f8acea77","http://biz-support-ota-oss.hivoice.cn/2018/08/16/7WxE8oA74Nja03g_cv1lqs.apk","0","2020-01-03 16:19:42"
"208","1_kar_C600_xyj_xt_20001","jvnnamr5aguv26rmp5pfhp7hsrbefeuucw7tpgqr","Chip","20003","403400","a6eb2a12e3600307b1673bd52e149251","http://biz-support-ota-oss.hivoice.cn/2018/08/18/5hlsG24IkYibTZ6kCcBLhq.gz","0","2020-01-03 16:19:42"
"209","2_kar_C600_xyj_xt_121","dtosuaqwx3npb7yv32t33qpd2h7snsecawhyqqap","Chip","121","577083","fee0a11eb19bea476aff725ffb6f24d9","http://biz-support-ota-oss.hivoice.cn/2018/09/03/5i71ff334HH8IGkt8UzFZh.gz","0","2020-01-03 16:19:42"
"210","3_kar_xiaoao_18001","eawvds5xpyqzywisvc3qylzb2et72rdivwnty4ae","Chip","18004","403407","51fffd4e4eb17ad97726685474c99c6a","http://biz-support-ota-oss.hivoice.cn/2018/08/18/9u-3pnKTAhR9xFmJJa_956.gz","0","2020-01-03 16:19:42"
"213","6_kar_gjling_19001","fevgjz5lq4x7dztj5vjr3mhtbkjich75ok6pdbqj","Chip","19002","403409","e189de9acb7931c9bcf4cf2572b2f11b","http://biz-support-ota-oss.hivoice.cn/2018/08/18/fidfoF9wkNs9CtDznxj9rw.gz","0","2020-01-03 16:19:42"
"215","7_kar_KAR200_xyj_lm_23","rwpuihdqhdcmld47bfps3lggzomns33hswprsvid","Chip","123","577079","cf18aeba0742354feb73aa8b7a6aa1e4","http://biz-support-ota-oss.hivoice.cn/2018/08/18/1ZvFuhWd4PDa-d3LuhJNXf.gz","0","2020-01-03 16:19:42"
"216","8_kar_KAR200_xyj_hhx_122","ro43xc66ttghgmdyocufmhdsguo7w65scv2hgti2","Chip","122","577056","a1965322b3078c8f7c3757bab75045d5","http://biz-support-ota-oss.hivoice.cn/2018/08/18/dU64Dt_Ckvqbwj39Crc9Zi.gz","0","2020-01-03 16:19:42"
"217","5_kar_kdou_16001","izazfz5gupce52ibwpkcllki4rb2s3kh6czhhsyv","Chip","16002","403403","f03064e376aa04de8e4cdfeb2158a05f","http://biz-support-ota-oss.hivoice.cn/2018/08/18/5KBJBqjFAcH8DOoVWTkZGg.gz","0","2020-01-03 16:19:42"
"218","4_kar_dnbb_17001","73wfwbgwq2ndwpsvlkzw37xdxcjajyxhayhurdiu","Chip","17002","403421","d227851f6df022d47f9ce9bbba4a07ba","http://biz-support-ota-oss.hivoice.cn/2018/08/18/fh5H5PEdkYN9leXN72IT7a.gz","0","2020-01-03 16:19:42"
"219","KAR_XJD_A3S_203","6c5lqj2vr5xrvxbzuvq62szpbbys7hcwmrylfzih","Chip","203","438883","210acfdd25f1da0d54e2a4236a5c113f","http://biz-support-ota-oss.hivoice.cn/2018/08/20/8qntlVRTAEoa5AFKjoR5YK.gz","0","2020-01-03 16:19:42"
"220","9_kar_C600_xyj_xt_14001","dtosuaqwx3npb7yv32t33qpd2h7snsecawhyqqap","Chip","14003","403408","d96f1cb699bde5c6751a4d4bd5301088","http://biz-support-ota-oss.hivoice.cn/2018/08/20/813EJpu8AR8ap30l8xroPX.gz","0","2020-01-03 16:19:42"
"221","kar016_android_v52","7j6k5onoz5qu7vcwfla4kzf4q5e64mj76dzidzqv","Android","52","23838813","730afd3e2e2605fb9b879a821ddebb29","https://fir.im/fnju","0","2018-09-01 14:54:15"
"223","kar016_iOS_v2523","7j6k5onoz5qu7vcwfla4kzf4q5e64mj76dzidzqv","iOS","2523","11","1","http://www.yunzhisheng.cn/kar_IOSdownload/html.html","0","2018-08-27 19:58:25"
"224","KAR_HCHENG_A01_55","tjfitng2hqsoe5tu2slubc35smh65lnvbuuoeaq6","Android","55","28758127","b44bc0df97c7baad0928d0fb50a95fa9","http://biz-support-ota-oss.hivoice.cn/2018/08/24/5XPpPZxhkp7abRNe4px2Y-.apk","0","2020-01-03 16:19:42"
"233","kar_sy_v59","dykqk7rqbm6xv47nmafsuz2jlqmqmyvdadzni4yq","Chip","59","436067","3bd8c936862b50da7101aa14c04fbab8","http://biz-support-ota-oss.hivoice.cn/2018/09/04/cPuyi4lRAM3bDVaX9LGPAO.gz","0","2020-01-03 16:19:42"
"234","kar_general_richqr_android","2p5rszmtvb7qt4gqjj77b66shxxcu3o6w63johag","Android","23","133","5555","https://fir.im/57x4?release_id=5b9351e8ca87a8546d441919","0","2018-09-08 13:17:40"
"235","kar_general_richqr_ios","2p5rszmtvb7qt4gqjj77b66shxxcu3o6w63johag","iOS","54","133","5555","https://apps.apple.com/cn/app/unitoy%E6%99%BA%E8%83%BD/id1242763764?ls=1","0","2019-12-24 10:45:57"
"236","未来小七APP_57","ekxkcxtai3c4erjaz2jumjpokj36gixktgoz57yw","Android","57","28578740","2771d8b1b526a5de70ab4b43dcc91573","http://biz-support-ota-oss.hivoice.cn/2018/09/10/bVAGIO4sk298pX_nnuVfXC.apk","0","2020-01-03 16:19:42"
"237","KAR_SEVEN_MM_54","snw633xg5vgzxjgzwo6lefciunkbcp3xliu2qfyx","Android","54","28557557","6e1e49a2bc5f604b13a201e35071820d","http://biz-support-ota-oss.hivoice.cn/2018/09/14/0xdC9ryHkRjbKMV1dLS8V4.apk","0","2020-01-03 16:19:42"
"238","KAR_RSD_HS_v60","de2y222a4fq4hadt4bwabjwotmyio3277ikjbxqx","Chip","60","446202","743c1fa7a72f961556e25cbe643aa9c9","http://biz-support-ota-oss.hivoice.cn/2018/09/28/bPQKqvk4kzz9Xbtufma3In.gz","0","2020-01-03 16:19:42"
"239","KAR_TAIBF_TB","vlzmyktlsy5h63lsqodtfjeri7kjcm4ru2m4etqt","Chip","65","435115","f0f90a7688eb717a4459de7da9b5d74d","http://biz-support-ota-oss.hivoice.cn/2018/10/25/eVwT5MUSQRbaz8C-Nl_Ftp.gz","0","2020-01-03 16:19:42"
"257","KAR_RSD_HS_v61","de2y222a4fq4hadt4bwabjwotmyio3277ikjbxqx","Chip","61","446454","d60b50f5710be1c1cac619cce6b2fa59","http://biz-support-ota-oss.hivoice.cn/2018/10/19/dpgwDr99Qbx9NioMLbOAeo.gz","0","2020-01-03 16:19:42"
"258","kar016_android_v60","2p5rszmtvb7qt4gqjj77b66shxxcu3o6w63johag","Android","24","23838814","730afd3e2e2605fb9b879a821ddebb29","https://android.myapp.com/myapp/detail.htm?apkName=com.unisound.karrobot","0","2019-12-24 10:45:15"
"260","KAR200_android_v54","3iapuysav4antx365ubdc4vfgwb5utsdslosikyb","Android","54","23121585","eb48d03435aae0a1156f857d95adb898","http://biz-support-ota-oss.hivoice.cn/2018/10/25/4xgMcbst4iXblUEl7HbCJ5.apk","0","2020-01-03 16:19:42"
"261","灰度测试Android","huiduceshi","Android","55","11","11","https://fir.im/tcrd","0","2018-10-29 15:05:05"
"262","灰度测试iOS","huiduceshi","iOS","55","11","11","https://fir.im/eyta","0","2018-10-29 15:07:09"
"267","test","qee","Android","11","2","","werr","0","2018-11-06 17:34:06"
"269","KAR_SMZG_M1_OTA61","ycaqlfk35zdzdxmi6hd7saw7dmuoim5ndzzn6mi7","Chip","61","444296","83b9f7cf9e67112f15ce34f634fa72ec","http://biz-support-ota-oss.hivoice.cn/2018/11/09/676_FELVkRQa5NT2w-KLdA.gz","0","2020-01-03 16:19:42"
"270","kar_skyboy_ota_2.2.0.5607_59","qn6rfz7plaxuvyb7s6lngzv62v7ppmhaaaz6tnqm","Chip","59","415966","de59c9b445b31ac9dcefa136d4d8ece1","http://biz-support-ota-oss.hivoice.cn/2018/11/12/d5hWxB8pQNe8h-lpUytDq5.gz","0","2020-01-03 16:19:42"
"271","kar_skyboy_xiaoben_ota_2.2.0.5614_59","kv2ub2lmqulmt4lpauhfl5zjsx47sjk2m7slpuib","Chip","59","415968","24e6dae4dfa18c9360f5c3a54ba730f7","http://biz-support-ota-oss.hivoice.cn/2018/11/12/f-GWANMokmFb92ySMEM6Ck.gz","0","2020-01-03 16:19:42"
"272","kar_xtong_ota_2.2.2.5559_59","hfqqionh442bk4a4jsgknd32vm76ykp75cx3snqw","Chip","59","423549","49c6b58193e4164d7f6dc142ad5de934","http://biz-support-ota-oss.hivoice.cn/2018/11/19/2ZXcdpI_4La9ymwlvk8xNj.gz","0","2020-01-03 16:19:42"
"273","PandoraA1_update","u7nfgkd5blyuk3tplbgq5yw45dwypglthg232ia6","Android","49","59975329","0b076f4b372dbc9f6a71d9943a8e0896","http://biz-support-ota-oss.hivoice.cn/2018/11/22/9Nv90UTv4tiaWt3JbXzQDk.apk","0","2020-01-03 16:19:42"
"274","PandoraA1_v6.0.9.2_51","n3nuk67byade3c3qgrccjhosvmqfzt7z5wavp3ig","Android","51","54202431","88c6057014014429c962500f0152e2f0","http://biz-support-ota-oss.hivoice.cn/2018/11/26/b8b8tF5IQwd89FiNNbCmGE.apk","0","2020-01-03 16:19:42"
"277","PandoraA1_v6.0.9.2_huazhu","n3nuk67byade3c3qgrccjhosvmqfzt7z5wavp3ig","Android","53","54161158","2dd66c52a11d5b41a7ce15b10a9f5e72","http://biz-support-ota-oss.hivoice.cn/2018/11/26/e63gJXY1AsX92Dmt2FuJst.apk","0","2020-01-03 16:19:42"
"278","KAR_SY_C600-0TA60","dykqk7rqbm6xv47nmafsuz2jlqmqmyvdadzni4yq","Chip","60","440456","6787dd7b8bf613b59b38d14bd7923568","http://biz-support-ota-oss.hivoice.cn/2018/11/26/4lS0oPmkQ1vbv96VqTt6-c.gz","0","2020-01-03 16:19:42"
"279","KAR_KUMI_B1-C600-OTA1003","m3usxomxkzu5rq6a7halvush3jhwlaosinyelli2","Chip","1003","438255","7755faa8d5c67f9ffea86ecf548c2ad4","http://biz-support-ota-oss.hivoice.cn/2018/11/27/2epDMtxSkq49xu6_mVWoSk.gz","0","2020-01-03 16:19:42"
"280","PandoraA1_v6.0.9.2_xiaowa","n3nuk67byade3c3qgrccjhosvmqfzt7z5wavp3ig","Android","54","54161128","0956de1f09f027378d79de4d8a709da6","http://biz-support-ota-oss.hivoice.cn/2018/11/30/2Mf_qU9JQ_8bWP5ukqr7jl.apk","0","2020-01-03 16:19:42"
"281","KAR200_android_v56","3iapuysav4antx365ubdc4vfgwb5utsdslosikyb","Android","56","23975631","825249bf14f789c897c58f1fc520e84f","http://biz-support-ota-oss.hivoice.cn/2018/12/06/43Otkd-ZQml9HzBw089Deg.apk","0","2020-01-03 16:19:42"
"282","PandoraA1_v6.2.3","n3nuk67byade3c3qgrccjhosvmqfzt7z5wavp3ig","Android","58","60955284","d2e1ca5da3aa82413d50fe9ebb4eb93a","http://biz-support-ota-oss.hivoice.cn/2018/12/25/bN6iQ7I3Q5K8t3jAjH35lf.apk","0","2020-01-03 16:19:42"
"287","KAR_SEVEN_android-60","ekxkcxtai3c4erjaz2jumjpokj36gixktgoz57yw","Android","60","31724028","39f9ca08d35d5f0fa13e1dfcdc901014","http://biz-support-ota-oss.hivoice.cn/2018/12/21/5zGfcNvIkj39ugYs3FTsut.apk","0","2020-01-03 16:19:42"
"288","PandoraA1_v6.0.9.2_xiaozai","n3nuk67byade3c3qgrccjhosvmqfzt7z5wavp3ig","Android","56","54161099","94bdbfc35f385711652871c03127835e","http://biz-support-ota-oss.hivoice.cn/2018/12/24/5ul4r1NeAQs9F1_yEhMwJs.apk","0","2020-01-03 16:19:42"
"289","PandoraA1_v6.2.3.70-huazhu","u7nfgkd5blyuk3tplbgq5yw45dwypglthg232ia6","Android","70","60954425","d1d891f56da59124535c3bede184e961","http://biz-support-ota-oss.hivoice.cn/2018/12/25/8y4qaWJf4I-9uiYYYxfkMv.apk","0","2020-01-03 16:19:42"
"290","PandoraA1_v6.2.3.1","n3nuk67byade3c3qgrccjhosvmqfzt7z5wavp3ig","Android","59","60955401","a45868793dabad4b97622549637718d0","http://biz-support-ota-oss.hivoice.cn/2018/12/27/1vMAd0Jn4CYblP_ZvT1ZMa.apk","0","2020-01-03 16:19:42"
"291","PandoraA1_v6.2.3.1-60","n3nuk67byade3c3qgrccjhosvmqfzt7z5wavp3ig","Android","60","60955220","ebe1ad418854a7908969f84056daa821","http://biz-support-ota-oss.hivoice.cn/2018/12/28/fzY3aRVckd_9FxhChzCigH.apk","0","2020-01-03 16:19:42"
"292","PandoraA1_v6.2.3.1-61","n3nuk67byade3c3qgrccjhosvmqfzt7z5wavp3ig","Android","61","60955468","0a876a9f65d2a0046cd7cadf81cfe621","http://biz-support-ota-oss.hivoice.cn/2018/12/29/5rOPhuWL4wH8yb_YntQnFW.apk","0","2020-01-03 16:19:42"
"293","PandoraA1_v6.2.3.1-62","n3nuk67byade3c3qgrccjhosvmqfzt7z5wavp3ig","Android","62","60955373","ae15b05f0c1ffdbc8112f6e5a720072e","http://biz-support-ota-oss.hivoice.cn/2018/12/29/bsYdNfq4kW5aXiLMevAQGv.apk","0","2020-01-03 16:19:42"
"294","kar200_xjing_5830_ota_64","ccgyjfgeqxvbd65k46mkr326daeaw5qhl3nuhnqh","Chip","64","444281","30f2091165b4e17b1d8391720199640a","http://biz-support-ota-oss.hivoice.cn/2019/01/07/fJYDyLjZ4e98pOyuH1KAKd.gz","0","2020-01-03 16:19:42"
"295","kar200_xmeng_5862_ota_1003","hskg3rixceb75oqyjrzyvs66kg4hbgwlf5jeamqu","Chip","1003","595388","71beab611271b3cd2cd50c9047d7fbd1","http://biz-support-ota-oss.hivoice.cn/2019/01/08/eIr32Ra3Q_QbU1Vg7GrUUY.gz","0","2020-01-03 16:19:42"
"296","kar200_xyyang_5861_ota_61","hbzb3tn6koepwweoxqnej52ahlidpjucsr5v3gyg","Chip","61","426858","cb18431ac02bc3e23ebc9d145d828a63","http://biz-support-ota-oss.hivoice.cn/2019/01/08/7suyE-YiAjm9zKT2MtBSMH.gz","0","2020-01-03 16:19:42"
"297","PandoraA1_v6.4.0-64","n3nuk67byade3c3qgrccjhosvmqfzt7z5wavp3ig","Android","64","72467118","7bbe950473148b9404c0d806c12391c1","http://biz-support-ota-oss.hivoice.cn/2019/01/24/bvACm4QdA42atT-MDS-B-m.apk","0","2020-01-03 16:19:42"
"298","KAR_SEVEN_android-62","ekxkcxtai3c4erjaz2jumjpokj36gixktgoz57yw","Android","62","34857793","bda7ce1b498fc3788a46b44ea9dd589b","http://biz-support-ota-oss.hivoice.cn/2019/01/17/5X7fXm614Kw9rf1OSaTond.apk","0","2020-01-03 16:19:42"
"299","PandoraA1_v6.4.0-huazhu","u7nfgkd5blyuk3tplbgq5yw45dwypglthg232ia6","Android","71","72466906","800a5c8e36f34fa670f4bc50de79e23d","http://biz-support-ota-oss.hivoice.cn/2019/01/25/bGzbEAPikQIayZU9VTsTGT.apk","0","2020-01-03 16:19:42"
"300","KAR_HCHENG_A01_5975_ota_59","tjfitng2hqsoe5tu2slubc35smh65lnvbuuoeaq6","Chip","59","427649","42482da21b0817e1d3c112b884e638f2","http://biz-support-ota-oss.hivoice.cn/2019/02/28/bLMeCHvRAMubWJ5D5wdMuh.gz","0","2020-01-03 16:19:42"
"301","PandoraA1_v6.5.3-xiezhu","n3nuk67byade3c3qgrccjhosvmqfzt7z5wavp3ig","Android","72","62029607","bd952a169e4df3b8547ed77c7f773c84","http://biz-support-ota-oss.hivoice.cn/2019/03/29/5XekVN4P4nm9UGdrgIxfay.apk","0","2020-01-03 16:19:42"
"302","kar200_kangli_hkitty_5966_ota_62","vmhw4vuw5htij7mdrydcvl6taqmhtlqy6rh6deys","Chip","62","494673","38f260bf94dd5b76591642a92e081a0e","http://biz-support-ota-oss.hivoice.cn/2019/03/07/2MyXLzv8QmXaVl30LK0iHz.gz","0","2020-01-03 16:19:42"
"304","KAR_SEVEN_android-65","ekxkcxtai3c4erjaz2jumjpokj36gixktgoz57yw","Android","65","34873775","5aa409eb68e4c92c81e26d84da1b6308","http://biz-support-ota-oss.hivoice.cn/2019/03/07/5Rm5JXNa47-8Of1GNvQyAj.apk","0","2020-01-03 16:19:42"
"305","kar200_xdong_6037_ota_63","6wlkfgzg22afdutocmh27xldxm6cjdey2ts2zqaz","Chip","63","596639","8f5e941c9d73435e8e27acb87caecbf9","http://biz-support-ota-oss.hivoice.cn/2019/03/27/f0pYo9ZxQTqa2JCrtRCM8z.gz","0","2020-01-03 16:19:42"
"306","PandoraA1-Call-v1.2.0","5ewxkcj2l7x5wdsuf4xwseu5goznwxv76flxkrqj","Android","6","7574349","5083ea79e75e155af64b6397a5f6d902","http://biz-support-ota-oss.hivoice.cn/2019/03/15/cTl-OUsRkCgbZCv_KBIzva.apk","0","2020-01-03 16:19:42"
"309","KAR_TAIBF_XiaoO-ota70","mmvjzcu6nymjeldgs2oztuzxky5vekppftflysix","Chip","70","435107","192c0f02402a59f35f6ab6b30a35e3d8","http://biz-support-ota-oss.hivoice.cn/2019/03/27/bQqNMLiSkBW9JgYoJy4-Oc.gz","0","2020-01-03 16:19:42"
"317","kar200_xd_haha_6053_66_ota","hemqgnjukh6rklqy7qg52uhum7k32l3c7kblkcqi","Chip","66","599319","151b289e8bb0a4e12252c5e13ca2c494","http://biz-support-ota-oss.hivoice.cn/2019/04/12/0-EYgOvYAFM9srBo--BooE.gz","0","2020-01-03 16:19:42"
"318","kar200_xywx_xyyang_6048_62_ota","hbzb3tn6koepwweoxqnej52ahlidpjucsr5v3gyg","Chip","62","426837","589d3f257e88f38ea945492fa59cc4a4","http://biz-support-ota-oss.hivoice.cn/2019/04/04/a6-cfrWJkT79h3ldq4Ttsi.gz","0","2020-01-03 16:19:42"
"337","PandoraA1_v6.5.4-xiezhu","n3nuk67byade3c3qgrccjhosvmqfzt7z5wavp3ig","Android","73","62219801","4904ef10206371833dd01f59c03b159e","http://biz-support-ota-oss.hivoice.cn/2019/04/23/5WsoahHyA9F8pvDnrxGC-9.apk","0","2020-01-03 16:19:42"
"344","PandoraA1_v6.4.1-huazhu","u7nfgkd5blyuk3tplbgq5yw45dwypglthg232ia6","Android","72","72644918","cbc7a83962990c388a92b002ea27fa02","http://biz-support-ota-oss.hivoice.cn/2019/04/23/bzEietX4kfz9iylHMZlz10.apk","0","2020-01-03 16:19:42"
"345","PandoraA1_v6.5.4-huazhutest","u7nfgkd5blyuk3tplbgq5yw45dwypglthg232ia6","Android","74","62038362","a511bd334786f2c6db0fa635aedb186f","http://biz-support-ota-oss.hivoice.cn/2019/04/25/226NxfgQQd7b6GrAyTbkKe.apk","0","2020-01-03 16:19:42"
"346","PandoraA1_v6.5.5-xiezhu","n3nuk67byade3c3qgrccjhosvmqfzt7z5wavp3ig","Android","75","72412708","773d82a1be66dd01ae175e03f8aaef40","http://biz-support-ota-oss.hivoice.cn/2019/05/10/7ZlkVq99A-M8i24N69dbz-.apk","0","2020-01-03 16:19:42"
"350","kar200_xd_haha_6086_68_ota","hemqgnjukh6rklqy7qg52uhum7k32l3c7kblkcqi","Chip","68","600235","481ad64e0aee28dbe79b55219f7f9e3e","http://biz-support-ota-oss.hivoice.cn/2019/05/27/bdQjWAfO4GDaISPRPr8Z9N.gz","0","2020-01-03 16:19:42"
"357","PandoraA1_v6.5.6-xiezhu","n3nuk67byade3c3qgrccjhosvmqfzt7z5wavp3ig","Android","76","72412662","a5f6167e92db5fe3c3d80fad26e83c5f","http://biz-support-ota-oss.hivoice.cn/2019/05/30/3Z9N0deDkVA8IDx4gO50ET.apk","0","2020-01-03 16:19:42"
"359","PandoraA1_v6.6.2-xiezhu","n3nuk67byade3c3qgrccjhosvmqfzt7z5wavp3ig","Android","80","92229252","59ce421fd74d774069c719b175eab792","http://biz-support-ota-oss.hivoice.cn/2019/06/04/bOrT3Px-Qc98MBrzIJ3VYl.apk","0","2020-01-03 16:19:42"
"360","PandoraA2_v6.5.6-xiezhu","u7nfgkd5blyuk3tplbgq5yw45dwypglthg232ia6","Android","76","72412662","a5f6167e92db5fe3c3d80fad26e83c5f","http://biz-support-ota-oss.hivoice.cn/2019/06/05/5hGcDOn-QwQ92AcLXuXtLu.apk","0","2020-01-03 16:19:42"
"361","KAR_TAIBF_XB_OTA_67","qz3ojjvguesmqja23zo3nav3nrkwznbkcbmb5yij","Chip","67","435113","d27ffc0c1ac3e053426b80751a69f22e","http://biz-support-ota-oss.hivoice.cn/2019/06/05/fMBy-zFSQGf9iLMKWl1lwl.gz","0","2020-01-03 16:19:42"
"366","beiyu-pandora_v1.1","jxzqe2bsxddiijynaozhpn4xgtbpltd33flddvyd","Chip","6","47577088","bb34a44423ebbc72b5749f676900de57","http://biz-support-ota-oss.hivoice.cn/2019/07/17/8d5CA4ut4MIaucS361Rgzf.bin","0","2020-01-03 16:19:42"
"367","PandoraA2_v6.6.3-huazhu","u7nfgkd5blyuk3tplbgq5yw45dwypglthg232ia6","Android","82","92794194","2498100fb1dd440e217fe691c2a21ea0","http://biz-support-ota-oss.hivoice.cn/2019/06/18/5qjcCrfdkuvaFFampCOXfB.apk","0","2020-01-03 16:19:42"
"370","Befish_R1_Android1","ubnxztnbtjgxihixq2ww4mcppqounlcqbsnvy3ai","Android","2","45171526","ac4650121ecb0523dbd805e03ee6c6e4","http://otav2-download.hivoice.cn/2019/07/31/Befish_app_v1.4.7.apk","0","2019-07-31 12:55:49"
"371","PandoraA1_v6.6.3-xiezhu","n3nuk67byade3c3qgrccjhosvmqfzt7z5wavp3ig","Android","84","92794185","1a30c511ff77df8a6590dd1570efd516","http://biz-support-ota-oss.hivoice.cn/2019/06/26/dZgXERf4Q8tbD8itfYQL7y.apk","0","2020-01-03 16:19:42"
"375","ios_beiyu_v1.0","jxzqe2bsxddiijynaozhpn4xgtbpltd33flddvyd","Linux","6","37726208","c3a626268dd08309493bcc1498e98797","http://biz-support-ota-oss.hivoice.cn/2019/06/19/dRRpL_2ik7D9T_vVZ5tGN3.bin","0","2020-01-03 16:19:42"
"387","PandoraA2_v6.6.3.1-huazhu-test","u7nfgkd5blyuk3tplbgq5yw45dwypglthg232ia6","Android","85","92642966","9623fba1053dfc5e000d78603f81ef16","http://biz-support-ota-oss.hivoice.cn/2019/06/30/cjZw5yE14nl9F6F9Y7YnrD.apk","0","2020-01-03 16:19:42"
"388","PandoraA2_v6.6.3-xiezhu","u7nfgkd5blyuk3tplbgq5yw45dwypglthg232ia6","Android","84","92794185","1a30c511ff77df8a6590dd1570efd516","http://biz-support-ota-oss.hivoice.cn/2019/07/01/15wpZI70Q5rbiQCJzT4IOw.apk","0","2020-01-03 16:19:42"
"390","PandoraA2_v6.6.4-xiezhu","u7nfgkd5blyuk3tplbgq5yw45dwypglthg232ia6","Android","86","92794319","05f5fcfc9baa1438cf77ba9bf365a74a","http://biz-support-ota-oss.hivoice.cn/2019/07/05/0SuSBb8P4U6907N2OcU6rZ.apk","0","2020-01-03 16:19:42"
"391","PandoraA2_v6.6.5-huazhu","u7nfgkd5blyuk3tplbgq5yw45dwypglthg232ia6","Android","89","92741986","1e2d28c90bebface5779a44fac4d1432","http://biz-support-ota-oss.hivoice.cn/2019/07/06/769QhLBTk4AbUHGfWAHY2t.apk","0","2020-01-03 16:19:42"
"393","Android_beiyu_OTA","jxzqe2bsxddiijynaozhpn4xgtbpltd33flddvyd","Android","7","39205375","b9f78f43f4da8215f5d97211da422b61","http://biz-support-ota-oss.hivoice.cn/2019/07/10/fFN4jngD4Lw834baBoud2q.apk","0","2020-01-03 16:19:42"
"395","PandoraA2_v6.6.4.1-xiezhu","u7nfgkd5blyuk3tplbgq5yw45dwypglthg232ia6","Android","87","92798760","8f1d3ebda4e760950a1d84fc4963c0c2","http://biz-support-ota-oss.hivoice.cn/2019/07/20/2MhImNHZAin9jTLDATM9Gd.apk","0","2020-01-03 16:19:42"
"397","PandoraA2_v6.6.6-huazhu","u7nfgkd5blyuk3tplbgq5yw45dwypglthg232ia6","Android","90","92807305","9d49b25a7c4a374e72d56cc5a755c9bd","http://biz-support-ota-oss.hivoice.cn/2019/07/11/aP8g3xd1QCa9e-VodLnFQT.apk","0","2020-01-03 16:19:42"
"427","Befish_R1_iOS_download_config","ubnxztnbtjgxihixq2ww4mcppqounlcqbsnvy3ai","iOS","1","0","","https://apps.apple.com/cn/app/%E5%B0%8F%E8%83%96%E9%9F%B3%E7%AE%B1/id1472138148","0","2019-08-08 10:17:29"
"429","PandoraA1_v6.6.7-xiezhu","n3nuk67byade3c3qgrccjhosvmqfzt7z5wavp3ig","Android","94","93079272","8254c64fc915b6a6ea3e76d7c8afc527","http://biz-support-ota-oss.hivoice.cn/2019/07/25/2200zz92kVa9n00psFlTrM.apk","0","2020-01-03 16:19:42"
"431","Befish_OTA","ubnxztnbtjgxihixq2ww4mcppqounlcqbsnvy3ai","Chip","3","46712832","64c38c141548beb3aed17aef602ae65a","http://biz-support-ota-oss.hivoice.cn/2019/09/18/b5VzEa6e4YE9BIQ2VqgoKh.bin","0","2020-01-03 16:19:42"
"437","PandoraA1_v6.7.0-xiezhu","n3nuk67byade3c3qgrccjhosvmqfzt7z5wavp3ig","Android","670099","91963237","281d8f956ea3c8c69795cb52c691f3a7","http://biz-support-ota-oss.hivoice.cn/2019/08/13/1YtFvkkc4NXaAbc-yjbaZj.apk","0","2020-01-03 16:19:42"
"441","KAR_TAIBF_XiaoO-OTA","mmvjzcu6nymjeldgs2oztuzxky5vekppftflysix","Chip","72","436880","b7ddbd2de048d4b4c20782adac370eb5","http://biz-support-ota-oss.hivoice.cn/2019/08/12/6qXfk5Vnk17anAvffKSA69.gz","0","2020-01-03 16:19:42"
"443","PandoraA2_v6.7.0-huazhu-test","u7nfgkd5blyuk3tplbgq5yw45dwypglthg232ia6","Android","670101","100616429","c4896ef12d41efdb7fc130f7fee8d4ff","http://biz-support-ota-oss.hivoice.cn/2019/08/20/cmNozc0FkaF9Y2AHCgrrsO.apk","0","2020-01-03 16:19:42"
"445","kar480_mjhb_ota_74","wkqes736wlv5xb7n6xnctl7w477o72zb2iqfyryu","Chip","74","1273466","e4a2e61f592bafe52fa218391f4df7c2","http://biz-support-ota-oss.hivoice.cn/2019/09/11/ff61Tp9XQ-Ha3a4ZFJMhtk.gz","0","2020-01-03 16:19:42"
"446","PandoraA1_v6.7.0.1-xiezhu-test","n3nuk67byade3c3qgrccjhosvmqfzt7z5wavp3ig","Android","670199","91960663","1b5e36439bf3c671b1b199f41c3b6068","http://biz-support-ota-oss.hivoice.cn/2019/08/27/duwGujjFQ1lab-s0kPcDHR.apk","0","2020-01-03 16:19:42"
"448","PandoraA2_v6.7.1-huazhu","u7nfgkd5blyuk3tplbgq5yw45dwypglthg232ia6","Android","671099","100616499","7b8542f1db172cffe289e7c934932ec6","http://biz-support-ota-oss.hivoice.cn/2019/09/06/1GAxkUy542ybBNi93A3ILz.apk","0","2020-01-03 16:19:42"
"449","KAR_miniu05","hkh2grwyxg3dvznjrwkbxw3v7pie2qyong2c4rim","Chip","63","256893","52d20d96f897caa20e5dc72735926e9c","http://biz-support-ota-oss.hivoice.cn/2019/09/02/b8rUOU-FQlR9HE52vp_DaT.gz","0","2020-01-03 16:19:42"
"452","xqai3qysfkfzousowu742lekulax6vidnr4yiiq4","xqai3qysfkfzousowu742lekulax6vidnr4yiiq4","Chip","1","17713152","eaa5785ce949d945682f93689a2febdb","http://biz-support-ota-oss.hivoice.cn/2019/09/06/20c--48iQ6x8Ud_wzao-Ej.bin","0","2020-01-03 16:19:42"
"453","PandoraA1_v6.8.0-test	","n3nuk67byade3c3qgrccjhosvmqfzt7z5wavp3ig","Android","680099","92007316","9340b3f8a70de6af303fba963f1a292a","http://biz-support-ota-oss.hivoice.cn/2019/09/11/05pvsxWhAUf8sYWm6_4SMe.apk","0","2020-01-03 16:19:42"
"454","data-yxw5zyo-v1","yxw5zyo2r2pyubletymvr4lzlifnpbirw6jxdnqu","Chip","1","20871168","83b62d6b26d7d3f7e6fd217c13905105","http://biz-support-ota-oss.hivoice.cn/2019/09/10/7Ptq7j-HkI5bU7r8f2_zgV.bin","0","2020-01-03 16:19:42"
"468","data-vako3op-v1","vako3opluwkbnyjbwxbhc733yabbqqwn4gqxjqy2","Chip","1","48408576","299a2774815eb2fdca70fd1b009343fb","http://biz-support-ota-oss.hivoice.cn/2019/10/30/6Yye37HaQIk9pdWHGrK_VH.bin","0","2020-01-03 16:19:42"
"469","Befish_release_OTA","ubnxztnbtjgxihixq2ww4mcppqounlcqbsnvy3ai","Chip","1","46639104","d6a77ce63862ebf50d5103c4455c96bf","http://biz-support-ota-oss.hivoice.cn/2019/10/22/1Gy6klTHQsU8GF_Y3xbvTC.bin","0","2020-01-03 16:19:42"
"471","PandoraA2_v6.7.1-xiezhu_test","jy4wmjnfnzdwvxcrortlbzf5ug2nequpkc7q3wqz","Android","671099","92015274","7559af0f432a5dd6fdff6ddbb4bdc3d9","http://biz-support-ota-oss.hivoice.cn/2019/09/29/4yEw9EE-4PH8vURLhRRWMu.apk","0","2020-01-03 16:19:42"
"472","KAR_640X_v2.1.1","azyepndb4t6ixzlksfl64kdeq656waparzir2cqp","Linux","1569741403","52791977","2b36f7191d76b4a392ae6b4dc836f153","http://biz-support-ota-oss.hivoice.cn/2019/09/29/d9NJRhGo4U28s4E-RHvbxn.zip","0","2020-01-03 16:19:42"
"475","kar480_mjhb_ota_174","wkqes736wlv5xb7n6xnctl7w477o72zb2iqfyryu","Chip","174","1247461","e499580f37617d8489fb3df3da38879a","http://biz-support-ota-oss.hivoice.cn/2019/10/09/efK3n6cgQ1lap-cAaB_xxO.gz","0","2020-01-03 16:19:42"
"476","kar200_kangli_hkitty_6123_ota_63","vmhw4vuw5htij7mdrydcvl6taqmhtlqy6rh6deys","Chip","63","494784","b6c77047cf239bad881fb72702d4d68a","http://biz-support-ota-oss.hivoice.cn/2019/10/09/3_7AABFbQgL9DEekeA0srW.gz","0","2020-01-03 16:19:42"
"491","PandoraA1_v6.8.1-xiezhu_test	","n3nuk67byade3c3qgrccjhosvmqfzt7z5wavp3ig","Android","681099","92007323","cfa07483d667f8c99c45404d9617135d","http://biz-support-ota-oss.hivoice.cn/2019/10/23/9xD5efIJAqFbe9aZufPvQW.apk","0","2020-01-03 16:19:42"
"492","KAR_640X_V2.1.2","azyepndb4t6ixzlksfl64kdeq656waparzir2cqp","Linux","1571796503","184689753","9fc6993869bd741c5bb8c4d2559c012e","http://biz-support-ota-oss.hivoice.cn/2019/10/24/13sXB4f-AWu9SBkkgAqReN.zip","0","2020-01-03 16:19:42"
"495","PandoraA1_USH_v1.0.1","6bwajz3zj3hm3hiqsdxeb5uewq7xsyrrqbhx36yj","Android","101099","91596771","286e157b2883cff733ec9f7aee91f9fc","http://biz-support-ota-oss.hivoice.cn/2019/10/25/47dOtWcsk-na_geWEhaKe7.apk","0","2020-01-03 16:19:42"
"497","kar200_kangli_hkitty_5966_ota_66_test","vmhw4vuw5htij7mdrydcvl6taqmhtlqy6rh6deys","Chip","99","494673","38f260bf94dd5b76591642a92e081a0e","http://biz-support-ota-oss.hivoice.cn/2019/10/28/c3-Lfy7l4vcauelgxiIZ7h.gz","0","2020-01-03 16:19:42"
"499","PandoraA2_v6.7.1.1-HZtoXZ_test	","u7nfgkd5blyuk3tplbgq5yw45dwypglthg232ia6","Android","671199","91669601","e12e3ad99835a211047eca7f5d5e93c6","http://biz-support-ota-oss.hivoice.cn/2019/10/29/1Bh8Tvmm4j4bEyqbyaH3wB.apk","0","2020-01-03 16:19:42"
"501","KAR_640X_V2.1.3","azyepndb4t6ixzlksfl64kdeq656waparzir2cqp","Linux","1572863221","134631277","7fbf1062d50edcffb47cbeda19aacdcf","http://biz-support-ota-oss.hivoice.cn/2019/11/06/cNx5PZ6c4XQ9HEzaAJggnp.zip","0","2020-01-03 16:19:42"
"502","PandoraA1_v6.8.2-xiezhu","n3nuk67byade3c3qgrccjhosvmqfzt7z5wavp3ig","Android","682099","91058904","1803cad9aa27991ac521bb01d14f900b","http://biz-support-ota-oss.hivoice.cn/2019/11/08/1eFjO5S_465aqcpqiJW-zK.apk","0","2020-01-03 16:19:42"
"505","beiyu-update-201911071545","ubnxztnbtjgxihixq2ww4mcppqounlcqbsnvy3ai","Chip","16","32376832","411a840e5175085b503302cd7a6e858e","http://biz-support-ota-oss.hivoice.cn/2019/11/07/34dXCclP4gX80IUm-QPgn5.bin","0","2020-01-03 16:19:42"
"506","PandoraA1_USH_v1.1.0_test","6bwajz3zj3hm3hiqsdxeb5uewq7xsyrrqbhx36yj","Android","110001","92244407","f66d1a8eb59b83b89e577a190d9a6f75","http://biz-support-ota-oss.hivoice.cn/2019/11/15/bOchhoWwA65biehvlUsNla.apk","0","2020-01-03 16:19:42"
"508","PandoraA1_v6.8.3-xiezhu_test","n3nuk67byade3c3qgrccjhosvmqfzt7z5wavp3ig","Android","683001","91115819","b7ccc5ad6b4c08e31d91843823fa57a6","http://biz-support-ota-oss.hivoice.cn/2019/11/21/b07q04u6AdTa3z0mvehNhU.apk","0","2020-01-03 16:19:42"
"512","kap016点读笔","vfbnoa4e575swzit4l6je5pwjzprcboc3qbqdyil","Chip","10","983041","6c52c105f60396c090c8b3953d76de1a","http://biz-support-ota-oss.hivoice.cn/2019/11/29/3nODOAixA-q9Y1rGu7MEC5.bin","0","2020-01-03 16:19:42"
"513","kar200_kangli_xtong_63","twedh4745cdhegyzhwclmuum65uvtlnbbdj5jyi6","Chip","63","256876","e932fb38f14b8cfbdf39c47b45bfbfb3","http://biz-support-ota-oss.hivoice.cn/2019/12/03/9dBKhre2kKwalAUN4-RJ_r.gz","0","2020-01-03 16:19:42"
"514","android_recordtool","qbfmgjs2rwwbochr24lzvsbdgxmcvzo4tmfecbyu","Android","21","6698028","65349559ff022bd0f984a8f5b1556c0a","http://biz-support-ota-oss.hivoice.cn/ota/2020/01/03/5ed5154d1b3749338367dec72c27d5a1.apk","0","2020-01-03 20:20:29"
"515","Pandora_USH_v1.2.0","6bwajz3zj3hm3hiqsdxeb5uewq7xsyrrqbhx36yj","Android","120099","99729994","39cddd85e9fe36c908030b38e90e335c","http://biz-support-ota-oss.hivoice.cn/2019/12/05/1b2IcI024Iba_95cmU1jYQ.apk","0","2020-01-03 16:19:42"
"517","PandoraA2_v6.9.0-xiezhu_test	","jy4wmjnfnzdwvxcrortlbzf5ug2nequpkc7q3wqz","Android","690001","91181747","f3b97ae41b7658671d3cee8f1629968a","http://biz-support-ota-oss.hivoice.cn/2019/12/06/2xJdp7VSkbm97EWphp8WVR.apk","0","2020-01-03 16:19:42"
"519","KAR_640X_V2.1.4","azyepndb4t6ixzlksfl64kdeq656waparzir2cqp","Linux","1575461040","1225744786","a08d8ac2ec2bfeda73d8aecdff1028ff","http://biz-support-ota-oss.hivoice.cn/2019/12/09/kar-640x-update.zip","0","2019-12-09 17:52:43"
"520","PandoraA1_v6.9.0-xiezhu","n3nuk67byade3c3qgrccjhosvmqfzt7z5wavp3ig","Android","690099","91128382","cc8845073985fbb71263d67199138fb2","http://biz-support-ota-oss.hivoice.cn/2019/12/12/0AwPMEuzAjdaHaDUwgB41O.apk","0","2020-01-03 16:19:42"
"521","KAR_640X_XM","a3uvng4rupduuyny4qrwiruzmu7wtirghusrs5i3","Linux","1576146950","65530899","a847e613c47f28b470dbfc34b17167ab","http://biz-support-ota-oss.hivoice.cn/2019/12/13/d0XB6u-DQfW8fXKSjY3XgQ.zip","0","2020-01-03 16:19:42"
"523","PandoraA1_v6.9.1-xiezhu_test","n3nuk67byade3c3qgrccjhosvmqfzt7z5wavp3ig","Android","691001","91054816","894d79343e69a6b6b13f6766b79cda18","http://biz-support-ota-oss.hivoice.cn/2019/12/13/bFNBkTeTkNs9O55gvnxX-x.apk","0","2020-01-03 16:19:42"
"528","PandoraA1_v6.9.0.1-xiezhu","n3nuk67byade3c3qgrccjhosvmqfzt7z5wavp3ig","Android","690199","93237481","aad7691cf7ef5bf807c4147320dcd28a","http://biz-support-ota-oss.hivoice.cn/2019/12/19/alpIxATrk9n9qxP6BbNuVF.apk","0","2020-01-03 16:19:42"
"530","PandoraA1_v6.9.0.2-xiezhu","n3nuk67byade3c3qgrccjhosvmqfzt7z5wavp3ig","Android","690299","91128357","056ed0d72232e1cb26eda0bd019f05d5","http://biz-support-ota-oss.hivoice.cn/2019/12/23/9V_Ygww84-08NNOOAevNSP.apk","0","2020-01-03 16:19:42"
"534","wanke_ota","67x5msz5466qy4i5mbookvkeck7zcrsba5rcndag","Chip","61224","31696896","17bcb22a0c47f567393e6505a1ab981d","http://biz-support-ota-oss.hivoice.cn/2019/12/30/1gQs5u41keNaWv4qKx79Hk.bin","0","2020-01-03 16:19:42"
"535","v6.5.4-74升级测试","nmugoqugf3ikbhkhbaixhefxdinqcmgyhobsvjiv","Android","74","72077949","607178a69f1d74c08f71d4e1972849e9","http://biz-support-ota-oss.hivoice.cn/2019/12/31/aqDhoal-Qzb9grNfocciyF.apk","0","2020-01-03 16:19:42"
"536","v6.5.4-75升级测试","nmugoqugf3ikbhkhbaixhefxdinqcmgyhobsvjiv","Android","75","72083372","176334251f7c0bd98f9687fdbb3b5c75","http://biz-support-ota-oss.hivoice.cn/2019/12/31/f19_wK-bQfd9K2JuceV3R2.apk","0","2020-01-03 16:19:42"
"537","v6.5.4-76升级测试","nmugoqugf3ikbhkhbaixhefxdinqcmgyhobsvjiv","Android","76","72083369","3e82d5ae0b6c4f6e9e85506e046a72fe","http://biz-support-ota-oss.hivoice.cn/2019/12/31/aFxftIC1AF_a8lkTkADU74.apk","0","2020-01-03 16:19:42"
"538","PandoraA2_v6.9.1-xiezhu_test","jy4wmjnfnzdwvxcrortlbzf5ug2nequpkc7q3wqz","Android","691002","91103915","157f2233752c65dfccc05299c47cf272","http://biz-support-ota-oss.hivoice.cn/2019/12/31/fG_h1P3D4Dc8d3cid4EJWk.apk","0","2020-01-03 16:19:42"
"539","mf_验证","jbkjvgdbqcac5hanln6y3oqfk5k4dy4zachbjiav","Android","1757","8263","596a4d04de02178c0c007b35dec72c48","http://biz-support-ota-oss.hivoice.cn/2020/01/03/45j_p6CN4oN8pcedHPEbjc.txt","0","2020-01-03 16:10:15"
"540","mf_验证01","jzp3sf7slpl52hlz6rvkv3yn5drfz2gnwrz3adql","Android","1234","262144000","","http://biz-support-ota-oss.hivoice.cn/ota/2020/01/03/c7d7ee3b556d4f0ab15c92c030157062.txt","0","2020-01-03 15:25:35"
"541","mfmf_验证02","amrxsba7djcm33up6gt6mf3mrynmc3xqzlulknyf","Chip","1232","","","","0","2020-01-03 14:23:02"
"542","mf_验证03","amrxsba7djcm33up6gt6mf3mrynmc3xqzlulknyf","iOS","4444","","","","0","2020-01-03 14:35:37"
"543","PandoraA1_v6.9.1-xiezhu_test_2","n3nuk67byade3c3qgrccjhosvmqfzt7z5wavp3ig","Android","691003","91052944","dde8feba7686a71e5e4963c01a32917d","http://biz-support-ota-oss.hivoice.cn/ota/2020/01/09/Pandora-A1-n3nuk6-xiezhu-release-v6.9.1-alpha3-691003-01091526.apk","0","2020-01-10 15:29:32"
"544","KAR_640X_V2.1.5","azyepndb4t6ixzlksfl64kdeq656waparzir2cqp","Linux","1578308828","121854585","e27a7dc8b43338dba1d0bd51647f80c9","http://biz-support-ota-oss.hivoice.cn/ota/2020/01/10/9af9e482c3b54488965e51c7f1bc00f7.zip","0","2020-01-10 14:34:00"
"548","kaa072-XJD-430","yzjdx4o4c7z46kh7uvr7xhxxwwayiwaxrggwy6yv","Chip","2","856144","ac1881213601bed8be55cd5236cf2b0e","http://biz-support-ota-oss.hivoice.cn/ota/2020/01/14/7f59050ed1fd464c92890d1edd8bf6fd.rbl","0","2020-01-14 09:25:54"
"549","Pandora_USH_v1.3.2_test","6bwajz3zj3hm3hiqsdxeb5uewq7xsyrrqbhx36yj","Android","132003","97100399","8d7b80fb9e881276cdd93b27071bd1b8","http://biz-support-ota-oss.hivoice.cn/ota/2020/01/14/ed62786cf14e483194ce1f1078f5e6a1.apk","0","2020-01-14 11:43:08"
"550","PandoraA2_v6.9.1.1-xiezhu","jy4wmjnfnzdwvxcrortlbzf5ug2nequpkc7q3wqz","Android","691199","91103655","f058afbbe0943887ebc14c8d19ff7fc4","http://biz-support-ota-oss.hivoice.cn/ota/2020/01/14/6270d14427ad414fa71e7116256b861e.apk","0","2020-01-14 20:19:38"
"551","PandoraA1-Call-v1.2.2-xiezhu","5ewxkcj2l7x5wdsuf4xwseu5goznwxv76flxkrqj","Android","10202001","7576234","d07dac26bec199c1d87cc4841445b42c","http://biz-support-ota-oss.hivoice.cn/ota/2020/01/15/d21f660d730e4268baee92b63eb8e07e.apk","0","2020-01-15 16:03:27"
"552","PandoraA1_v6.9.1-xiezhu","n3nuk67byade3c3qgrccjhosvmqfzt7z5wavp3ig","Android","691099","91054373","eb19faa34dfe8e95b933cfe24d6caafa","http://biz-support-ota-oss.hivoice.cn/ota/2020/01/16/992c0152b43146019b5b8312d77e14a9.apk","0","2020-01-16 09:46:44"
"553","Pandora_USH_v1.3.2","6bwajz3zj3hm3hiqsdxeb5uewq7xsyrrqbhx36yj","Android","132099","97106293","4c2785ad60e31965b18b3394c0159872","http://biz-support-ota-oss.hivoice.cn/ota/2020/01/16/2d0d774860344cba96410c13f35290e8.apk","0","2020-01-16 21:44:01"
"569","PandoraA1-Call-v1.2.2-xiezhu-release","5ewxkcj2l7x5wdsuf4xwseu5goznwxv76flxkrqj","Android","10202099","7576216","718fdc107bba9743fe7bd2d7fb35d5aa","http://biz-support-ota-oss.hivoice.cn/ota/2020/01/17/dbc8c51fb7ac4528853976c4e6543b5f.apk","0","2020-01-17 10:40:07"
"570","PandoraA2_v6.9.1.1-huazhu","u7nfgkd5blyuk3tplbgq5yw45dwypglthg232ia6","Android","691199","99707443","1ee547683d7c87abac1708da065f87ba","http://biz-support-ota-oss.hivoice.cn/ota/2020/01/17/be21abcc307d45e08eb050a22700fcb9.apk","0","2020-01-17 11:35:41"
"571","成都茂御v6.5.4-78","nmugoqugf3ikbhkhbaixhefxdinqcmgyhobsvjiv","Android","78","72083249","c56f0dcf395a4a338e6633694dc54c33","http://biz-support-ota-oss.hivoice.cn/ota/2020/01/17/ffcfc8f0ee5b4a9d81d9459f199deb41.apk","0","2020-01-17 16:25:27"
"572","kar280h-眼膜仪OTA","bwenbyqxakhdzz7j7skap43dd25ehpykss2b5eyd","Chip","2","847536","6e665279e48415fa4e7b08495ab74f0a","http://biz-support-ota-oss.hivoice.cn/ota/2020/01/19/25e14841b7474b92be1d1d5037113ece.rbl","0","2020-01-19 16:50:06"
"575","kaa072闹钟_ota","yzjdx4o4c7z46kh7uvr7xhxxwwayiwaxrggwy6yv","Chip","3","858800","56fb523cbc754e11d808cca7e59ef6c9","http://biz-support-ota-oss.hivoice.cn/ota/2020/02/23/7b0ebfcf2692483cb5472f8603b07030.rbl","0","2020-02-23 14:37:23"
"576","IDH_record_training_tool","5fgjwwdj2rdw2rqlechzjb3ac2pw2j5qror2p3ar","Android","4","4060990","299fdb0d77c65501ced1e6fa74d4e124","http://biz-support-ota-oss.hivoice.cn/ota/2020/02/27/7875fcc749d74f5298640d0750dbcbe6.apk","0","2020-02-27 11:48:05"
"577","record_beta","dddddddwsqdqwdwedfwefw","Android","2","4060723","b4f520d428064f011858bade60c71014","http://biz-support-ota-oss.hivoice.cn/ota/2020/02/27/FengNiaoRecord-v0.0.1.apk","0","2020-02-27 18:35:48"